#,Module,Function,TestCase,Node,Status
1,routing/VRF/test_vrf_scale.py,test_vrf_scale,FtRtPerfFn023,gw2,Completed
2,routing/VRF/test_vrf_scale.py,test_vrf_scale,FtRtPerfFn024,gw2,Completed
3,routing/VRF/test_vrf_scale.py,test_vrf_scale,FtOpSoRoVrfFun052,gw2,Completed
4,routing/VRF/test_vrf_scale.py,test_vrf_route_leak,FtOpSoRoVrfScl057,gw2,Completed
5,routing/VRF/test_vrf_scale.py,test_vrf_bgp,FtOpSoRoVrfScl056,gw2,Completed
6,routing/VRF/test_vrf_scale.py,test_vrf_reload,FtOpSoRoVrfScl058,gw2,Completed
7,routing/test_ndp.py,test_ft_ipv6_neighbor_entry,ft_ipv6_ndp_clear_cache,gw6,Completed
8,routing/test_ndp.py,test_ft_ipv6_neighbor_entry,ft_ipv6_neighbor_entry,gw6,Completed
9,routing/test_ndp.py,test_ft_ipv6_neighbor_entry,ft_ipv6_neighbor_static_entry,gw6,Completed
10,routing/NAT/test_nat.py,test_ft_nat_docker_restart,ft_dynamic_napt_docker_restart,gw7,Completed
11,routing/NAT/test_nat.py,test_ft_nat_docker_restart,ft_static_napt_docker_restart,gw7,Completed
12,routing/NAT/test_nat.py,test_ft_nat_docker_restart,ft_static_nat_docker_restart,gw7,Completed
13,routing/BGP/test_bgp_rr_traffic.py,TestBGPRrTraffic::test_ft_bgp6_rr_traffic_check,FtOtSoRtBgpPlFn025,gw2,Completed
14,system/test_device_mgmt.py,test_ft_ip_static_ip_on_mgmt_intrf,ft_ip_static_ip_on_mgmt_intrf,gw6,Completed
15,routing/test_l3_performance.py,test_ft_l3_performance_enhancements_v4_route_intstall_withdraw,FtOpSoRtPerfFn025,gw5,Completed
16,routing/test_l3_performance.py,test_ft_l3_performance_enhancements_v4_route_intstall_withdraw,FtOpSoRtPerfFn026,gw5,Completed
17,routing/test_l3_performance.py,test_ft_l3_performance_enhancements_v4_route_intstall_withdraw,FtOpSoRtPerfFn052,gw5,Completed
18,routing/test_l3_performance.py,test_ft_l3_performance_enhancements_v4_route_intstall_withdraw,FtOpSoRtPerfFn053,gw5,Completed
19,routing/test_l3_performance.py,test_cli_validation_ip_address,FtOpSoRtPerfFn054,gw5,Completed
20,routing/test_l3_performance.py,test_cli_validation_ip_address,FtOpSoRtPerfFn055,gw5,Completed
21,routing/test_l3_performance.py,test_cli_validation_bgp_router_config,FtOpSoRtPerfFn056,gw5,Completed
22,routing/test_l3_performance.py,test_cli_validation_bgp_router_config,FtOpSoRtPerfFn057,gw5,Completed
23,routing/test_ip.py,test_l3_v4_route_po_1,FtOpSoRtIpv4Fn003,gw2,Completed
24,routing/test_ip.py,test_ft_ping_v4_v6_vlan,ft_ipv4_address_check ,gw2,Completed
25,routing/test_ip.py,test_ft_ping_v4_v6_vlan,ft_ipv6_address_check ,gw2,Completed
26,routing/test_ip.py,test_ft_ping_v4_v6_vlan,ft_ping_vlan ,gw2,Completed
27,routing/test_ip.py,test_ft_ping_v4_v6_after_ip_change_pc,ft_ip6_address_check_pc,gw2,Completed
28,routing/test_ip.py,test_ft_ping_v4_v6_after_ip_change_pc,ft_ip_address_check_pc,gw2,Completed
29,routing/test_ip.py,test_ft_ping_v4_v6_after_ip_change_pc,ft_ping6_after_ip_change,gw2,Completed
30,routing/test_ip.py,test_ft_ping_v4_v6_after_ip_change_pc,ft_ping_after_ip_change,gw2,Completed
31,routing/test_ip.py,test_ft_ping_v4_v6_after_ip_change_pc,CETA_SONIC_40640,gw2,Completed
32,routing/test_ip.py,test_ft_ip6_static_route_traffic_forward_blackhole,ft_ip6_connected_host_traffic_forward,gw2,Completed
33,routing/test_ip.py,test_ft_ip6_static_route_traffic_forward_blackhole,ft_ip6_static_route_traffic_forward ,gw2,Completed
34,routing/test_ip.py,test_ft_ip6_static_route_traffic_forward_blackhole,ft_ip6_static_route_traffic_fwd_blackhole ,gw2,Completed
35,routing/test_ip.py,test_ft_ip6_static_route_traffic_forward_blackhole,RIF_COUNT_FUNC_0031,gw2,Completed
36,routing/test_ip.py,test_ft_ip_static_route_traffic_forward,ft_ip_static_route_traffic_forward,gw2,Completed
37,routing/test_ip.py,test_ft_ip_static_route_traffic_forward,RIF_COUNT_FUNC_001,gw2,Completed
38,routing/test_ip.py,test_ft_ip_static_route_traffic_forward,RIF_COUNT_FUNC_021,gw2,Completed
39,routing/test_ip.py,test_ft_ip_v4_v6_L2_L3_translation,ft_ip6_L2_L3_translation,gw2,Completed
40,routing/test_ip.py,test_ft_ip_v4_v6_L2_L3_translation,ft_ip_L2_L3_translation,gw2,Completed
41,routing/test_ip.py,test_ft_verify_interfaces_order,ipv4_intf_order,gw2,Completed
42,routing/test_ip.py,test_ft_verify_interfaces_order,ipv6_intf_order,gw2,Completed
43,routing/BGP/test_bgp.py,TestBGPRif::test_ft_bgp_v6_link_local_bgp,FtOtSoRtBgpPlFn006,gw3,Completed
44,routing/BGP/test_bgp.py,TestBGPRif::test_ft_bgp_v6_link_local_bgp,FtOpSoSysImLogFn018,gw3,Completed
45,routing/BGP/test_bgp.py,TestBGPRif::test_ft_bgp_clear,ft_bgp_sonic_show_summary_neigh,gw3,Completed
46,routing/BGP/test_bgp.py,TestBGPRif::test_ft_bgp_clear,ft_bgp_v4peer_asn4,gw3,Completed
47,routing/BGP/test_bgp.py,TestBGPRif::test_ft_bgp_clear,ft_bgp_v4peer_auth_simple,gw3,Completed
48,routing/BGP/test_bgp.py,TestBGPRif::test_ft_bgp_clear,ft_bgp_v4peer_sonic_clear,gw3,Completed
49,routing/BGP/test_bgp.py,TestBGPRif::test_ft_bgp_clear,ft_bgp_v4peer_vtysh_clear,gw3,Completed
50,routing/BGP/test_bgp.py,TestBGPRif::test_ft_bgp_clear,ft_bgp_v6peer_auth_simple,gw3,Completed
51,routing/BGP/test_bgp.py,TestBGPRif::test_ft_bgp_clear,ft_bgp_v6peer_sonic_clear,gw3,Completed
52,routing/BGP/test_bgp.py,TestBGPRif::test_ft_bgp_clear,ft_bgp_v6peer_vtysh_clear,gw3,Completed
53,routing/BGP/test_bgp.py,TestBGPRif::test_ft_bgp_peer_traffic_check,FtOtSoRtBgp4Fn025,gw3,Completed
54,routing/BGP/test_bgp.py,TestBGPRif::test_ft_bgp_peer_traffic_check,FtOtSoRtBgp4Fn049,gw3,Completed
55,routing/BGP/test_bgp.py,TestBGPRif::test_ft_bgp_peer_traffic_check,ft_bgp_update_delay_timer,gw3,Completed
56,routing/BGP/test_bgp.py,TestBGPRif::test_ft_bgp_peer_traffic_check,ft_ipv4_bgp_ibgp_ebgp_traffic,gw3,Completed
57,routing/BGP/test_bgp.py,TestBGPRif::test_ft_bgp_graceful_restart_and_aware_routers,FtOtSoRtBgp4Fn063,gw3,Completed
58,routing/BGP/test_bgp.py,TestBGPRif::test_ft_bgp_ipv4_no_route_aggregation_for_exact_prefix_match,FtOtSoRtBgp4Fn001,gw3,Completed
59,routing/BGP/test_bgp.py,TestBGPRif::test_ft_bgp_ipv4_route_aggregation_atomic_aggregate_without_as_set,FtOtSoRtBgp4Fn002,gw3,Completed
60,routing/BGP/test_bgp.py,TestBGPRif::test_bgp_route_aggregation_4byteASN,FtOtSoRtBgp4Fn061,gw3,Completed
61,routing/BGP/test_bgp.py,TestBGPRif::test_ft_bgp_ipv6_route_aggregation_with_as_set,FtOtSoRtBgpPlFn001,gw3,Completed
62,routing/BGP/test_bgp.py,TestBGPRif::test_ft_bgp_v4_dyn_nbr,FtOtSoRtBgp4Fn060,gw3,Completed
63,routing/BGP/test_bgp.py,TestBGPRif::test_ft_bgp_v6_dyn_nbr,FtOtSoRtBgpPlFn004,gw3,Completed
64,routing/BGP/test_bgp.py,TestBGPRif::test_ft_bgp_v4_max_dyn_nbr,FtOtSoRtBgp4Fn019,gw3,Completed
65,routing/BGP/test_bgp.py,TestBGPRif::test_ft_bgp_rmap,FtOtSoRtBgp4Fn078,gw3,Completed
66,routing/BGP/test_bgp.py,TestBGPIPvxRouteAdvertisementFilter::test_redistribute_connected_ipv4,FtOtSoRtBgp4Fn034,gw3,Completed
67,routing/BGP/test_bgp.py,TestBGPIPvxRouteAdvertisementFilter::test_redistribute_static_ipv4,FtOtSoRtBgp4Fn033,gw3,Completed
68,routing/BGP/test_bgp.py,TestBGPIPvxRouteAdvertisementFilter::test_distribute_list_in_ipv4,FtOtSoRtBgp4Fn018,gw3,Completed
69,routing/BGP/test_bgp.py,TestBGPIPvxRouteAdvertisementFilter::test_filter_list_in_ipv4,FtOtSoRtBgp4Fn039,gw3,Completed
70,routing/BGP/test_bgp.py,TestBGPIPvxRouteAdvertisementFilter::test_filter_list_in_ipv4,FtOtSoRtBgp4Fn077,gw3,Completed
71,routing/BGP/test_bgp.py,TestBGPIPvxRouteAdvertisementFilter::test_prefix_list_out_ipv4,FtOtSoRtBgp4Fn036,gw3,Completed
72,routing/BGP/test_bgp.py,TestBGPIPvxRouteAdvertisementFilter::test_prefix_list_out_ipv4,ft_bgp_outbound_routefilter,gw3,Completed
73,routing/BGP/test_bgp.py,TestBGPIPvxRouteAdvertisementFilter::test_default_originate_ipv4,FtOtSoRtBgp4Fn032,gw3,Completed
74,routing/BGP/test_bgp.py,TestBGPIPvxRouteAdvertisementFilter::test_route_map_in_ipv4,FtOtSoRtBgp4Fn027,gw3,Completed
75,routing/BGP/test_bgp.py,TestBGPIPvxRouteAdvertisementFilter::test_redistribute_connected_ipv6,ft_bgp_v6peer_route_redist_static_conn,gw3,Completed
76,routing/BGP/test_bgp.py,TestBGPIPvxRouteAdvertisementFilter::test_redistribute_static_ipv6,bgp_redis_st_ipv6,gw3,Completed
77,routing/BGP/test_bgp.py,TestBGPIPvxRouteAdvertisementFilter::test_distribute_list_in_ipv6,FtOtSoRtBgpPlFn012,gw3,Completed
78,routing/BGP/test_bgp.py,TestBGPIPvxRouteAdvertisementFilter::test_distribute_list_in_ipv6,FtOtSoRtBgpPlFn014,gw3,Completed
79,routing/BGP/test_bgp.py,TestBGPIPvxRouteAdvertisementFilter::test_distribute_list_in_ipv6,ft_bgp_v6_as_path_acl,gw3,Completed
80,routing/BGP/test_bgp.py,TestBGPIPvxRouteAdvertisementFilter::test_filter_list_in_ipv6,FtOtSoRtBgpPlFn007,gw3,Completed
81,routing/BGP/test_bgp.py,TestBGPIPvxRouteAdvertisementFilter::test_prefix_list_out_ipv6,FtOtSoRtBgpPlFn016,gw3,Completed
82,routing/BGP/test_bgp.py,TestBGPIPvxRouteAdvertisementFilter::test_filter_list_out_ipv6,FtOtSoRtBgpPlFn018,gw3,Completed
83,routing/BGP/test_bgp.py,TestBGPIPvxRouteAdvertisementFilter::test_default_originate_ipv6,bgp_default_ipv6,gw3,Completed
84,routing/BGP/test_bgp.py,TestBGPIPvxRouteAdvertisementFilter::test_route_map_in_ipv6,FtOtSoRtBgpPlFn038,gw3,Completed
85,routing/BGP/test_bgp.py,TestBGPIPvxRouteAdvertisementFilter::test_bgp_route_map_with_community,FtOtSoRtBgp4Fn016,gw3,Completed
86,routing/BGP/test_bgp.py,TestBGPIPvxRouteAdvertisementFilter::test_bgp_ebgp4_nbr_update_source,FtOtSoRtBgp4Fn014,gw3,Completed
87,routing/BGP/test_bgp.py,TestBGPIPvxRouteAdvertisementFilter::test_bgp_ebgp4_nbr_authentication,FtOtSoRtBgp4Fn015,gw3,Completed
88,routing/BGP/test_bgp.py,TestBGPIPvxRouteAdvertisementFilter::test_route_aggregate_ipv6,FtOtSoRtBgpPlFn002,gw3,Completed
89,routing/BGP/test_bgp.py,TestBGPIPvxRouteAdvertisementFilter::test_static_blackhole_rt_redistribute_with_routemap_ipv6,FtOtSoRtBgpPlFn005,gw3,Completed
90,routing/BGP/test_bgp.py,TestBGPVeLag::test_ft_bgp_clear,bgp_lag_clear,gw3,Completed
91,routing/BGP/test_bgp.py,TestBGPVeLag::test_ft_bgp_peer_traffic_check,FtOtSoRtBgp4Fn069,gw3,Completed
92,routing/BGP/test_bgp.py,TestBGPVeLag::test_ft_bgp_peer_traffic_check,FtOtSoRtBgp4Fn070,gw3,Completed
93,routing/BGP/test_bgp.py,TestBGPVeLag::test_ft_bgp_peer_traffic_check,FtOtSoRtBgpPlFn032,gw3,Completed
94,routing/BGP/test_bgp.py,TestBGPL3Lag::test_ft_bgp_l3lag_peer_traffic_check,bgpl3lag_traffic,gw3,Completed
95,routing/BGP/test_bgp_4node.py,TestBGPConfed::test_ipv6_confed_route_distribution,ft_bgp_confedv6_config_adv,gw1,Completed
96,routing/BGP/test_bgp_4node.py,TestBGPConfed::test_ipv6_confed_with_rr,ft_bgp_confedv6_route_reflector,gw1,Completed
97,routing/BGP/test_bgp_4node.py,TestBGPConfed::test_confed_route_distribution_with_rmap,ft_bgp_confedv6_route_maps_filter,gw1,Completed
98,routing/BGP/test_bgp_4node.py,test_ft_bgp_ibgp_RR_Loop,ft_bgp_ibgp_RR_Loop,gw1,Completed
99,routing/BGP/test_bgp_4node.py,test_ft_bgp_ebgp_community_map,ft_bgp_ebgp_community_map,gw1,Completed
100,routing/BGP/test_bgp_4node.py,test_ft_bgp_ebgp_community_map,test_ft_bgp_ebgp_community_sub,gw1,Completed
101,qos/test_qos_save_reboot.py,test_ft_qos_config_mgmt_verifying_config_with_save_reboot,FtFpSoQoSCoSCfg001,gw5,Completed
102,qos/test_qos_save_reboot.py,test_ft_qos_config_mgmt_verifying_config_with_save_reboot,FtOpSoQosAclCmFn001,gw5,Completed
103,qos/test_qos_save_reboot.py,test_ft_qos_config_mgmt_verifying_config_with_save_reboot,FtOpSoQosAclCmFn002,gw5,Completed
104,qos/test_qos_save_reboot.py,test_ft_qos_config_mgmt_verifying_config_with_save_reboot,FtOpSoQosEcnCfg001,gw5,Completed
105,qos/test_qos_save_reboot.py,test_ft_qos_config_mgmt_verifying_config_with_save_reboot,FtOpSoQosWredCfg001,gw5,Completed
106,qos/test_qos_save_reboot.py,test_ft_qos_config_mgmt_verifying_config_with_save_reboot,ft_acl_configvalues_save_reload,gw5,Completed
107,qos/test_qos_save_reboot.py,test_ft_qos_config_mgmt_verifying_config_with_save_reboot,ft_ecn_config_db_to_running_config_after_save_and_reload,gw5,Completed
108,qos/test_qos_save_reboot.py,test_ft_qos_config_mgmt_verifying_config_with_save_reboot,ft_ecn_config_to_config_db_json_after_save_and_reboot,gw5,Completed
109,system/test_sflow.py,test_ft_sflow_sampling_v6_sFlow_collector,FtOpSfFn004,gw3,Completed
110,system/test_sflow.py,test_ft_sflow_sampling_v6_sFlow_collector,FtOpSfFn008,gw3,Completed
111,system/test_sflow.py,test_ft_sflow_max_sflow_collector_config,FtOpSfFn005,gw3,Completed
112,system/test_sflow.py,test_ft_system_config_mgmt_verifying_config_with_save_reboot_sflow,FtOpSfFn017,gw3,Completed
113,routing/test_arp.py,test_ft_arp_dynamic_renew_traffic_test,ft_arp_dynamic_renew_traffic_test,gw7,Completed
114,routing/VRF/test_vrf.py,test_VrfFun001_06,FtOpSoRoVrfCli001,gw3,Completed
115,routing/VRF/test_vrf.py,test_VrfFun001_06,FtOpSoRoVrfCli006,gw3,Completed
116,routing/VRF/test_vrf.py,test_VrfFun_26_27,FtOpSoRoVrfFun026,gw3,Completed
117,routing/VRF/test_vrf.py,test_VrfFun_26_27,FtOpSoRoVrfFun027,gw3,Completed
118,routing/VRF/test_vrf.py,test_VrfFun_26_27,FtOpSoRoVrfFun037,gw3,Completed
119,routing/VRF/test_vrf.py,test_VrfFun_10_12_14,FtOpSoRoVrfFun010,gw3,Completed
120,routing/VRF/test_vrf.py,test_VrfFun_10_12_14,FtOpSoRoVrfFun012,gw3,Completed
121,routing/VRF/test_vrf.py,test_VrfFun_10_12_14,FtOpSoRoVrfFun014,gw3,Completed
122,routing/VRF/test_vrf.py,test_VrfFun_20_24_25_32_33_44_45,FtOpSoRoVrfFun020,gw3,Completed
123,routing/VRF/test_vrf.py,test_VrfFun_20_24_25_32_33_44_45,FtOpSoRoVrfFun024,gw3,Completed
124,routing/VRF/test_vrf.py,test_VrfFun_20_24_25_32_33_44_45,FtOpSoRoVrfFun025,gw3,Completed
125,routing/VRF/test_vrf.py,test_VrfFun_20_24_25_32_33_44_45,FtOpSoRoVrfFun032,gw3,Completed
126,routing/VRF/test_vrf.py,test_VrfFun_20_24_25_32_33_44_45,FtOpSoRoVrfFun033,gw3,Completed
127,routing/VRF/test_vrf.py,test_VrfFun_20_24_25_32_33_44_45,FtOpSoRoVrfFun044,gw3,Completed
128,routing/VRF/test_vrf.py,test_VrfFun_20_24_25_32_33_44_45,FtOpSoRoVrfFun045,gw3,Completed
129,routing/VRF/test_vrf.py,test_VrfFun_05_50,FtOpSoRoVrfCli005,gw3,Completed
130,routing/VRF/test_vrf.py,test_VrfFun_05_50,FtOpSoRoVrfFun050,gw3,Completed
